"","size","Evennes_index"
"Sempadan_sungai",191,0.83032172460359
"Hutan_balok",108,0.871516235177967
"Konservasi_KBKT",284,0.78253582088843
