"","size","richnessIndex"
"Sempadan_sungai",191,3.80787487056594
"Hutan_balok",108,2.99009133253167
"Konservasi_KBKT",284,3.71748907228787
