"","size","richnessIndex"
"Sempadan_sungai",226,3.68967269885445
"Hutan_balok",128,2.88539008177793
"Konservasi_KBKT",317,3.64652859600024
