"","size","Evennes_index"
"Sempadan_sungai",226,0.849542227174171
"Hutan_balok",128,0.869761137427897
"Konservasi_KBKT",317,0.812550931910125
