"","size","Evennes_index"
"Sempadan_sungai",410,0.878017252379938
"Hutan_balok",239,0.857304487626052
"Konservasi_KBKT",604,0.851647566449665
