"","size","Evennes_index"
"Sempadan_sungai",448,0.868171263073413
"Hutan_balok",267,0.859756069930151
"Konservasi_KBKT",650,0.854870380124308
