"","size","richnessIndex"
"Sempadan_sungai",448,5.07797706159767
"Hutan_balok",267,3.93753730056809
"Konservasi_KBKT",650,6.17572497748842
