"","size","Evennes_index"
"Sempadan_sungai",237,0.858451162894753
"Hutan_balok",142,0.860693685718095
"Konservasi_KBKT",340,0.82268041413736
