"","size","Evennes_index"
"Sempadan_sungai",208,0.841280875498208
"Hutan_balok",119,0.869919878930362
"Konservasi_KBKT",308,0.805741101718772
