"","size","richnessIndex"
"Sempadan_sungai",208,3.74704586671898
"Hutan_balok",119,2.92940745728357
"Konservasi_KBKT",308,3.66485764565557
